TEMPERATURE,HUMIDITY,CO,NO2,SO2,PM10,O3,PM2.5
22.490802,71.889703,1.851329,25.954089,1.308528,124.127838,104.178419,125.298557
34.014286,62.165782,5.419009,23.959094,1.234894,114.679169,121.535396,121.463946
29.639879,48.571657,8.729458,1.282103,4.531273,86.029343,45.065506,83.22762
26.97317,78.827701,7.322249,17.062391,1.247731,143.407072,97.482374,134.082793
18.120373,71.08387,8.065611,19.009781,1.359749,30.071177,90.044438,77.986314
